Etichette di riga;Cella;Cella (Evaporatore);Freezer;Freezer  (Condensatore);Totale complessivo
2019-06-29T10:10:02+02:00;NaN; ;-16.99;NaN;-16.99
2019-06-29T10:20:02+02:00;-13.89;-24.73;NaN; ;-38.62
2019-06-29T10:20:03+02:00;NaN; ;-17.36;30.5;13.14
2019-06-29T10:30:03+02:00;-13.81;-24.84;-17.06;31.21;-24.5
2019-06-29T10:40:01+02:00;-13.72;-24.67;-18.19;29.66;-26.92
2019-06-29T10:50:01+02:00;-13.76;-24.6;-17.26;29.93;-25.69
2019-06-29T11:00:01+02:00;-14.18;-25.03;-17.76;30.56;-26.41
2019-06-29T11:00:51+02:00;7.06;NaN;;NaN;7.06
2019-06-29T11:10:01+02:00;-7.75;-23.5;-17.6;29.81;-19.04
2019-06-29T11:20:01+02:00;-13.43;-24.19;-17.98;30.25;-25.35
2019-06-29T11:30:01+02:00;-13.52;-24.35;NaN;;-37.87
2019-06-29T11:30:02+02:00;NaN;;-16.41;28.64;12.23
2019-06-29T11:40:03+02:00;-12.81;-23.85;-13.49;31.75;-18.4
2019-06-29T11:50:25+02:00;-13.9;-24.52;NaN;;-38.42
2019-06-29T11:52:06+02:00;NaN;;-14.77;31.52;16.75
2019-06-29T12:00:01+02:00;-14.19;-24.78;NaN;;-38.97
2019-06-29T12:00:03+02:00;NaN;;-18.07;30.7;12.63
2019-06-29T12:10:01+02:00;-14.22;-24.88;NaN;;-39.1
2019-06-29T12:10:02+02:00;NaN;;-16.71;28.43;11.72
2019-06-29T12:20:01+02:00;-14.35;-24.92;-18.1;30.57;-26.8
2019-06-29T12:30:01+02:00;-14.36;-24.84;-15.77;26.11;-28.86
2019-06-29T12:40:01+02:00;-14.28;-24.86;-11.57;31.75;-18.96
2019-06-29T12:50:01+02:00;NaN;;-17.9;31.28;13.38
2019-06-29T12:50:02+02:00;-13.07;-17.5;NaN;;-30.57
2019-06-29T12:57:14+02:00;-7.5;NaN;;NaN;-7.5
2019-06-29T13:00:01+02:00;-9.6;-10.51;-16.82;29.73;-7.2
2019-06-29T13:10:02+02:00;-9.87;-21.26;-18.41;34.31;-15.23
2019-06-29T13:20:01+02:00;-12.81;-24.06;-16.36;32.74;-20.49
2019-06-29T13:30:03+02:00;-13.15;-24.08;-18.42;33.86;-21.79
2019-06-29T13:40:03+02:00;-13.18;-23.92;-16.88;33.77;-20.21
2019-06-29T13:50:01+02:00;NaN;;-17.74;33.71;15.97
2019-06-29T13:50:02+02:00;-13.21;-23.92;NaN;;-37.13
2019-06-29T14:00:02+02:00;NaN;;-17.56;34.26;16.7
2019-06-29T14:00:03+02:00;-13.22;-23.96;NaN;;-37.18
2019-06-29T14:10:02+02:00;-13.21;-23.93;-17.15;33;-21.29
2019-06-29T14:20:04+02:00;-13.28;-23.97;-17.99;34.87;-20.37
2019-06-29T14:30:02+02:00;-13.27;-23.94;-16.64;32.78;-21.07
2019-06-29T14:40:01+02:00;-13.25;-23.92;-18.36;34.92;-20.61
2019-06-29T14:50:02+02:00;-13.27;-23.91;-16.41;33.18;-20.41
2019-06-29T15:00:01+02:00;-13.34;-23.89;NaN;;-37.23
2019-06-29T15:00:03+02:00;NaN;;-18.59;34.78;16.19
2019-06-29T15:10:06+02:00;-13.28;-23.74;-16.23;33.11;-20.14
2019-06-29T15:20:02+02:00;-13.32;-23.73;-18.43;35.12;-20.36
2019-06-29T15:30:01+02:00;-13.31;-23.75;NaN;;-37.06
2019-06-29T15:30:02+02:00;NaN;;-14.84;31.16;16.32
2019-06-29T15:40:01+02:00;-13.3;-23.73;-11.32;35.25;-13.1
2019-06-29T15:50:01+02:00;-13.27;-23.66;-17.68;33.21;-21.4
2019-06-29T16:00:02+02:00;NaN;;-17.36;30.43;13.07
2019-06-29T16:00:03+02:00;-13.28;-23.7;NaN;;-36.98
2019-06-29T16:10:01+02:00;-13.28;-23.66;-18.1;30.17;-24.87
2019-06-29T16:20:01+02:00;-13.31;-23.62;-16.75;28.12;-25.56
2019-06-29T16:30:02+02:00;-13.32;-23.64;-18.4;30.28;-25.08
2019-06-29T16:40:01+02:00;-13.3;-23.64;NaN;;-36.94
2019-06-29T16:40:02+02:00;NaN;;-16.25;28.2;11.95
2019-06-29T16:50:01+02:00;-13.33;-23.63;-18.63;29.99;-25.6
2019-06-29T17:00:01+02:00;-13.29;-22.65;NaN;;-35.94
2019-06-29T17:00:03+02:00;NaN;;-16.07;28.1;12.03
2019-06-29T17:09:46+02:00;-7.63;NaN;;NaN;-7.63
2019-06-29T17:10:02+02:00;-11.87;-12.89;-18.79;29.09;-14.46
2019-06-29T17:20:01+02:00;-8.67;-19.88;NaN;;-28.55
2019-06-29T17:20:02+02:00;NaN;;-16.17;28.13;11.96
2019-06-29T17:20:47+02:00;-7.31;NaN;;NaN;-7.31
2019-06-29T17:23:48+02:00;-7.19;NaN;;NaN;-7.19
2019-06-29T17:30:01+02:00;-8.84;-21.65;-18.57;34.05;-15.01
2019-06-29T17:40:01+02:00;-11.63;-23.05;-16.1;31.56;-19.22
2019-06-29T17:50:02+02:00;-12.4;-23.59;-18.52;34.67;-19.84
2019-06-29T18:00:02+02:00;-12.66;-23.74;NaN;;-36.4
2019-06-29T18:00:03+02:00;NaN;;-16.29;31.98;15.69
2019-06-29T18:10:01+02:00;-12.82;-23.84;-18.54;35.47;-19.73
2019-06-29T18:20:03+02:00;-12.83;-23.91;-16.76;32.51;-20.99
2019-06-29T18:30:02+02:00;-12.88;-23.92;-13.79;31.31;-19.28
2019-06-29T18:40:01+02:00;-12.95;-23.92;NaN;;-36.87
2019-06-29T18:40:02+02:00;NaN;;-10.9;37.05;26.15
2019-06-29T18:50:01+02:00;-12.66;-23.92;-17.33;37.17;-16.74
2019-06-29T19:00:02+02:00;-11.31;-23.13;-17.32;34.39;-17.37
2019-06-29T19:10:02+02:00;-12.5;-23.45;-17.79;36.21;-17.53
2019-06-29T19:20:01+02:00;NaN;;-16.52;34.01;17.49
2019-06-29T19:20:02+02:00;-12.15;-23.57;NaN;;-35.72
2019-06-29T19:30:01+02:00;-12.8;-23.78;-18.34;35.67;-19.25
2019-06-29T19:40:01+02:00;-13.04;-24.01;NaN;;-37.05
2019-06-29T19:40:02+02:00;NaN;;-16.27;33.66;17.39
2019-06-29T19:50:01+02:00;-13.16;-24.11;-17.18;36.57;-17.88
2019-06-29T20:00:02+02:00;-13.19;-24.17;NaN;;-37.36
2019-06-29T20:00:03+02:00;NaN;;-17.86;35.25;17.39
2019-06-29T20:10:04+02:00;-13.27;-24.14;-16.8;34.89;-19.32
2019-06-29T20:20:03+02:00;-13.29;-24.2;-17.63;34.71;-20.41
2019-06-29T20:30:01+02:00;-13.33;-24.28;-17.36;35.04;-19.93
2019-06-29T20:40:01+02:00;-13.38;-24.34;-17.23;33.48;-21.47
2019-06-29T20:50:01+02:00;NaN;;-17.59;35.56;17.97
2019-06-29T20:50:02+02:00;-13.43;-24.36;NaN;;-37.79
2019-06-29T21:00:02+02:00;-13.47;-24.4;-17.15;33.6;-21.42
2019-06-29T21:10:01+02:00;-13.37;-23.66;-17.69;34.83;-19.89
2019-06-29T21:20:03+02:00;NaN;;-17.03;32.86;15.83
2019-06-29T21:20:04+02:00;-12.49;-14.15;NaN;;-26.64
2019-06-29T21:21:51+02:00;-7.63;NaN;;NaN;-7.63
2019-06-29T21:30:03+02:00;-8.69;-18.33;-13.82;31;-9.84
2019-06-29T21:40:01+02:00;NaN;;-10.94;36.18;25.24
2019-06-29T21:40:02+02:00;-12.34;-23.72;NaN;;-36.06
2019-06-29T21:50:04+02:00;-13.08;-24.26;-17.36;36.5;-18.2
2019-06-29T22:00:01+02:00;-13.24;-24.26;NaN;;-37.5
2019-06-29T22:00:03+02:00;NaN;;-17.45;33.98;16.53
2019-06-29T22:10:01+02:00;-13.3;-24.34;NaN;;-37.64
2019-06-29T22:10:02+02:00;NaN;;-17.72;34.74;17.02
2019-06-29T22:20:01+02:00;-13.31;-24.37;-16.63;32.5;-21.81
2019-06-29T22:30:02+02:00;-13.38;-24.3;-18.29;34.19;-21.78
2019-06-29T22:40:01+02:00;-13.43;-24.34;-16.3;32.49;-21.58
2019-06-29T22:50:02+02:00;NaN;;-18.51;34.56;16.05
2019-06-29T22:50:03+02:00;-13.56;-24.44;NaN;;-38
2019-06-29T23:00:02+02:00;NaN;;-16.3;32.97;16.67
2019-06-29T23:00:03+02:00;-13.54;-24.41;NaN;;-37.95
2019-06-29T23:10:01+02:00;NaN;;-18.53;34.02;15.49
2019-06-29T23:10:02+02:00;-13.49;-24.32;NaN;;-37.81
2019-06-29T23:20:01+02:00;-13.45;-24.28;-16.36;32.33;-21.76
2019-06-29T23:30:01+02:00;-13.49;-24.31;-18.59;33.15;-23.24
2019-06-29T23:40:02+02:00;-13.5;-24.31;-16.31;32.34;-21.78
2019-06-29T23:50:01+02:00;-13.6;-24.46;NaN;;-38.06
2019-06-29T23:50:02+02:00;NaN;;-18.49;33.9;15.41
2019-06-30T00:00:01+02:00;-13.47;-24.44;-16.3;32.52;-21.69
2019-06-30T00:01:32+02:00;-6.75;NaN;;NaN;-6.75
2019-06-30T00:10:01+02:00;-8.17;-21.73;-18.78;33.55;-15.13
2019-06-30T00:20:04+02:00;-12.07;-23.46;-16.09;32.07;-19.55
2019-06-30T00:30:01+02:00;-13.09;-24.02;NaN;;-37.11
2019-06-30T00:30:02+02:00;NaN;;-16.06;31.03;14.97
2019-06-30T00:40:01+02:00;-13.28;-24.29;-11.53;35.85;-13.25
2019-06-30T00:50:03+02:00;-13.61;-24.4;-16.88;36.29;-18.6
2019-06-30T01:00:04+02:00;NaN;;-17.41;33.56;16.15
2019-06-30T01:00:05+02:00;-13.69;-24.53;NaN;;-38.22
2019-06-30T01:10:01+02:00;NaN;;-17.65;34.3;16.65
2019-06-30T01:10:02+02:00;-13.81;-24.63;NaN;;-38.44
2019-06-30T01:20:01+02:00;-13.7;-24.66;-16.68;31.76;-23.28
2019-06-30T01:30:02+02:00;-12.88;-17.33;-18.19;33.64;-14.76
2019-06-30T01:34:07+02:00;-7.88;NaN;;NaN;-7.88
2019-06-30T01:40:01+02:00;NaN;;-16.29;31.34;15.05
2019-06-30T01:40:02+02:00;-9.15;-16.09;NaN;;-25.24
2019-06-30T01:50:02+02:00;-12.14;-23.66;-18.47;33.96;-20.31
2019-06-30T02:00:02+02:00;-13.28;-24.6;-16.24;31.55;-22.57
2019-06-30T02:10:03+02:00;-13.55;-24.77;-18.6;32.46;-24.46
2019-06-30T02:20:03+02:00;-13.61;-24.85;-16.24;30.96;-23.74
2019-06-30T02:30:01+02:00;NaN;;-18.6;32.57;13.97
2019-06-30T02:30:02+02:00;-13.63;-24.78;NaN;;-38.41
2019-06-30T02:40:03+02:00;-13.62;-24.71;-16.2;31.15;-23.38
2019-06-30T02:50:04+02:00;-13.63;-24.65;-18.51;32.18;-24.61
2019-06-30T03:00:02+02:00;-13.65;-24.68;NaN;;-38.33
2019-06-30T03:00:03+02:00;NaN;;-16.3;30.82;14.52
2019-06-30T03:10:01+02:00;NaN;;-18.5;31.87;13.37
2019-06-30T03:10:02+02:00;-13.68;-24.63;NaN;;-38.31
2019-06-30T03:20:02+02:00;-13.68;-24.62;-16.25;30.87;-23.68
2019-06-30T03:30:02+02:00;-13.72;-24.72;-16.51;28.04;-26.91
2019-06-30T03:40:02+02:00;-13.74;-24.75;-11.44;33.67;-16.26
2019-06-30T03:50:02+02:00;-13.75;-24.7;-15.76;34.68;-19.53
2019-06-30T04:00:01+02:00;NaN;;-17.78;32.98;15.2
2019-06-30T04:00:03+02:00;-13.78;-24.72;NaN;;-38.5
2019-06-30T04:10:01+02:00;-13.78;-24.85;-17.18;32.82;-22.99
2019-06-30T04:20:02+02:00;-13.77;-24.72;-17.21;31.09;-24.61
2019-06-30T04:30:04+02:00;-13.79;-24.78;NaN;;-38.57
2019-06-30T04:30:05+02:00;NaN;;-17.79;32.47;14.68
2019-06-30T04:40:04+02:00;NaN;;-16.81;30.13;13.32
2019-06-30T04:40:05+02:00;-13.79;-24.71;NaN;;-38.5
2019-06-30T04:50:01+02:00;-13.77;-24.67;-18.09;32.43;-24.1
2019-06-30T05:00:02+02:00;-13.8;-24.71;-16.5;29.96;-25.05
2019-06-30T05:10:02+02:00;-13.8;-24.68;NaN;;-38.48
2019-06-30T05:10:03+02:00;NaN;;-18.33;32.16;13.83
2019-06-30T05:20:01+02:00;-13.83;-24.69;-16.32;29.48;-25.36
2019-06-30T05:30:03+02:00;-13.84;-24.76;-18.49;31.67;-25.42
2019-06-30T05:40:01+02:00;NaN;;-16.2;29.44;13.24
2019-06-30T05:40:02+02:00;-13.34;-19.77;NaN;;-33.11
2019-06-30T05:45:57+02:00;-7.88;NaN;;NaN;-7.88
2019-06-30T05:50:01+02:00;-10.06;-15.52;-18.5;31.91;-12.17
2019-06-30T06:00:01+02:00;NaN;;-16.3;29.31;13.01
2019-06-30T06:00:03+02:00;-12.07;-23.66;NaN;;-35.73
2019-06-30T06:10:02+02:00;-13.55;-24.82;-18.6;31.33;-25.64
2019-06-30T06:20:01+02:00;NaN;;-16.25;29.08;12.83
2019-06-30T06:20:02+02:00;-13.76;-24.99;NaN;;-38.75
2019-06-30T06:30:01+02:00;-13.74;-24.9;-14.28;29.12;-23.8
2019-06-30T06:40:01+02:00;-13.71;-24.85;-11.36;33.93;-15.99
2019-06-30T06:50:03+02:00;-13.69;-24.7;-17.85;34.15;-22.09
2019-06-30T07:00:02+02:00;-13.69;-24.66;NaN;;-38.35
2019-06-30T07:00:03+02:00;NaN;;-16.9;30.95;14.05
2019-06-30T07:10:01+02:00;-13.72;-24.65;-18.09;32.5;-23.96
2019-06-30T07:20:02+02:00;-13.67;-24.58;-16.33;30.72;-23.86
2019-06-30T07:30:01+02:00;NaN;;-18.46;32.56;14.1
2019-06-30T07:30:02+02:00;-13.66;-24.54;NaN;;-38.2
2019-06-30T07:39:33+02:00;-6;NaN;;NaN;-6
2019-06-30T07:40:01+02:00;-12.94;-24.47;-16.22;30.87;-22.76
2019-06-30T07:50:01+02:00;-12.3;-23.51;-18.55;32.66;-21.7
2019-06-30T08:00:02+02:00;-13.49;-24;NaN;;-37.49
2019-06-30T08:00:03+02:00;NaN;;-16.18;31.29;15.11
2019-06-30T08:10:02+02:00;-13.74;-24.23;-17.24;34.85;-20.36
2019-06-30T08:20:01+02:00;-13.74;-24.21;-18.09;34.26;-21.78
2019-06-30T08:30:01+02:00;-13.78;-24.19;NaN;;-37.97
2019-06-30T08:30:02+02:00;NaN;;-15.82;32.86;17.04
2019-06-30T08:40:01+02:00;-13.76;-24.22;-18.46;34.13;-22.31
2019-06-30T08:50:01+02:00;NaN;;-16.16;32.54;16.38
2019-06-30T08:50:02+02:00;-13.75;-24.12;NaN;;-37.87
2019-06-30T09:00:01+02:00;NaN;;-18.45;33.54;15.09
2019-06-30T09:00:03+02:00;-13.72;-24.11;NaN;;-37.83
2019-06-30T09:10:01+02:00;NaN;;-16.1;32.42;16.32
2019-06-30T09:10:02+02:00;-13.69;-24.07;NaN;;-37.76
2019-06-30T09:20:01+02:00;-13.65;-24;-18.52;33.94;-22.23
2019-06-30T09:30:01+02:00;-12.5;-23.48;-14.79;31.13;-19.64
2019-06-30T09:40:01+02:00;NaN;;-11.79;36.57;24.78
2019-06-30T09:40:02+02:00;-13.34;-23.79;NaN;;-37.13
2019-06-30T09:50:01+02:00;NaN;;-17.96;36.22;18.26
2019-06-30T09:50:02+02:00;-13.11;-20;NaN;;-33.11
2019-06-30T09:57:13+02:00;-7.75;NaN;;NaN;-7.75
2019-06-30T10:00:01+02:00;NaN;;-17.08;35.04;17.96
2019-06-30T10:00:02+02:00;-10.12;-12.68;NaN;;-22.8
2019-06-30T10:10:01+02:00;-11.3;-22.98;-17.29;35.25;-16.32
2019-06-30T10:20:02+02:00;-12.66;-23.78;-18.17;35.06;-19.55
2019-06-30T10:30:02+02:00;-13;-23.89;-16.54;34.66;-18.77
2019-06-30T10:40:01+02:00;NaN;;-18.08;34.97;16.89
2019-06-30T10:40:02+02:00;-13.05;-23.9;NaN;;-36.95
2019-06-30T10:50:01+02:00;-13.09;-23.86;-16.9;35.07;-18.78
2019-06-30T11:00:02+02:00;NaN;;-17.74;34.6;16.86
2019-06-30T11:00:03+02:00;-12.41;-23.91;NaN;;-36.32
2019-06-30T11:10:01+02:00;-12.1;-23.13;NaN;;-35.23
2019-06-30T11:10:02+02:00;NaN;;-17.11;35.21;18.1
2019-06-30T11:20:01+02:00;-12.92;-23.51;-17.54;34.31;-19.66
2019-06-30T11:30:02+02:00;-12.45;-23.62;-17.4;35.44;-18.03
2019-06-30T11:40:01+02:00;-13.03;-23.62;-17.58;35.79;-18.44
2019-06-30T11:50:01+02:00;-12.35;-23.37;NaN;;-35.72
2019-06-30T11:50:02+02:00;NaN;;-18.02;35.49;17.47
2019-06-30T12:00:01+02:00;-13.05;-23.58;-16.81;35.52;-17.92
2019-06-30T12:10:01+02:00;NaN;;-17.78;34.67;16.89
2019-06-30T12:10:02+02:00;-13.22;-23.71;NaN;;-36.93
2019-06-30T12:20:01+02:00;NaN;;-17.07;35.55;18.48
2019-06-30T12:20:02+02:00;-13.26;-23.76;NaN;;-37.02
2019-06-30T12:30:01+02:00;-13.3;-23.81;-16.25;32.07;-21.29
2019-06-30T12:40:02+02:00;-13.05;-23.76;-11.4;37.26;-10.95
2019-06-30T12:50:01+02:00;-9.49;-21.72;NaN;;-31.21
2019-06-30T12:50:02+02:00;NaN;;-14.5;38.35;23.85
2019-06-30T13:00:01+02:00;-12.06;-23.19;NaN;;-35.25
2019-06-30T13:00:03+02:00;NaN;;-18.15;35.92;17.77
2019-06-30T13:10:02+02:00;-12.7;-23.59;-17.21;36.19;-17.31
2019-06-30T13:20:01+02:00;NaN;;-16.73;35.35;18.62
2019-06-30T13:20:02+02:00;-12.89;-23.64;NaN;;-36.53
2019-06-30T13:30:01+02:00;-13.04;-23.75;-18.22;36.25;-18.76
2019-06-30T13:40:01+02:00;-13.14;-23.8;NaN;;-36.94
2019-06-30T13:40:02+02:00;NaN;;-16.55;35.29;18.74
2019-06-30T13:50:03+02:00;-13.15;-23.84;-18.03;35.69;-19.33
2019-06-30T14:00:02+02:00;-12.97;-21.72;NaN;;-34.69
2019-06-30T14:00:03+02:00;NaN;;-17.05;35.54;18.49
2019-06-30T14:10:03+02:00;-10.96;-12.57;-17.51;34.97;-6.07
2019-06-30T14:20:01+02:00;NaN;;-17.42;35.9;18.48
2019-06-30T14:20:02+02:00;-9.41;-20.35;NaN;;-29.76
2019-06-30T14:30:01+02:00;-12.65;-23.42;-17.08;34.26;-18.89
2019-06-30T14:40:01+02:00;-12.98;-23.6;NaN;;-36.58
2019-06-30T14:40:02+02:00;NaN;;-17.72;36.56;18.84
2019-06-30T14:50:02+02:00;-13.11;-23.69;-16.68;34.38;-19.1
2019-06-30T15:00:02+02:00;-13.12;-23.65;NaN;;-36.77
2019-06-30T15:00:03+02:00;NaN;;-18.03;36.42;18.39
2019-06-30T15:10:01+02:00;-13.11;-23.58;-16.44;34.3;-18.83
2019-06-30T15:20:01+02:00;-13.13;-23.57;-18.41;36.1;-19.01
2019-06-30T15:30:02+02:00;-13.07;-23.51;NaN;;-36.58
2019-06-30T15:30:03+02:00;NaN;;-14.88;32.74;17.86
2019-06-30T15:40:01+02:00;-13.03;-23.43;NaN;;-36.46
2019-06-30T15:40:02+02:00;NaN;;-11.59;38.2;26.61
2019-06-30T15:50:02+02:00;-13.1;-23.49;-17.6;37.97;-16.22
2019-06-30T16:00:02+02:00;NaN;;-16.9;35.51;18.61
2019-06-30T16:00:03+02:00;-13.09;-23.48;NaN;;-36.57
2019-06-30T16:10:01+02:00;NaN;;-18.01;36.93;18.92
2019-06-30T16:10:02+02:00;-13.05;-23.45;NaN;;-36.5
2019-06-30T16:20:01+02:00;-13.01;-23.4;-16.31;34.78;-17.94
2019-06-30T16:30:02+02:00;-13.01;-23.36;-18.41;36.72;-18.06
2019-06-30T16:40:01+02:00;-13.04;-23.39;-16.35;35.14;-17.64
2019-06-30T16:50:01+02:00;-12.98;-23.39;-18.39;36.1;-18.66
2019-06-30T17:00:04+02:00;-13.03;-23.44;-16.61;35.34;-17.74
2019-06-30T17:10:01+02:00;-13.03;-23.48;NaN;;-36.51
2019-06-30T17:10:02+02:00;NaN;;-18.06;35.71;17.65
2019-06-30T17:20:03+02:00;-13.02;-23.47;-16.86;35.42;-17.93
2019-06-30T17:30:01+02:00;-13.09;-23.44;-17.67;34.84;-19.36
2019-06-30T17:40:02+02:00;-13.04;-23.48;-17.25;36.01;-17.76
2019-06-30T17:50:01+02:00;-13.04;-23.44;NaN;;-36.48
2019-06-30T17:50:02+02:00;NaN;;-17.4;34.74;17.34
2019-06-30T18:00:01+02:00;-13.07;-23.56;NaN;;-36.63
2019-06-30T18:00:03+02:00;NaN;;-17.38;35.5;18.12
2019-06-30T18:10:02+02:00;-12.95;-22.24;-17.19;34.1;-18.28
2019-06-30T18:20:01+02:00;-11.54;-13.38;-17.7;35.87;-6.75
2019-06-30T18:30:03+02:00;-9.46;-20.26;-15.47;31.25;-13.94
2019-06-30T18:40:02+02:00;-12.69;-23.38;-11.28;37.55;-9.8
2019-06-30T18:50:02+02:00;-13.11;-23.77;-16.24;38.18;-14.94
2019-06-30T19:00:01+02:00;NaN;;-17.65;36.48;18.83
2019-06-30T19:00:03+02:00;-13.2;-23.84;NaN;;-37.04
2019-06-30T19:10:01+02:00;-13.28;-23.84;-17.25;36.55;-17.82
2019-06-30T19:20:01+02:00;-13.34;-23.79;-17.03;34.7;-19.46
2019-06-30T19:30:03+02:00;-13.33;-23.81;-17.89;36.41;-18.62
2019-06-30T19:40:03+02:00;-13.36;-23.8;-16.6;34.53;-19.23
2019-06-30T19:50:03+02:00;-13.41;-23.83;-18.21;36.31;-19.14
2019-06-30T20:00:02+02:00;-13.41;-23.77;-16.28;33.99;-19.47
2019-06-30T20:10:04+02:00;-13.43;-23.89;-18.4;36.43;-19.29
2019-06-30T20:20:01+02:00;-13.48;-23.97;-16.18;34.48;-19.15
2019-06-30T20:30:01+02:00;-13.54;-24.01;-18.46;35.93;-20.08
2019-06-30T20:40:01+02:00;NaN;;-16.23;34.19;17.96
2019-06-30T20:40:02+02:00;-13.55;-24.1;NaN;;-37.65
2019-06-30T20:50:01+02:00;NaN;;-18.46;36.33;17.87
2019-06-30T20:50:02+02:00;-13.55;-24.06;NaN;;-37.61
2019-06-30T21:00:01+02:00;-13.52;-24.06;NaN;;-37.58
2019-06-30T21:00:03+02:00;NaN;;-16.32;34.61;18.29
2019-06-30T21:10:03+02:00;-13.53;-24.04;-18.31;35.19;-20.69
2019-06-30T21:20:02+02:00;-13.57;-24.1;NaN;;-37.67
2019-06-30T21:20:03+02:00;NaN;;-16.37;34.25;17.88
2019-06-30T21:30:04+02:00;-13.61;-24.13;-15.14;32.91;-19.97
2019-06-30T21:40:03+02:00;-13.63;-24.12;-11.64;37.55;-11.84
2019-06-30T21:50:02+02:00;-13.66;-24.16;-17.59;37.57;-17.84
2019-06-30T22:00:01+02:00;NaN;;-17.05;35.06;18.01
2019-06-30T22:00:03+02:00;-13.66;-24.15;NaN;;-37.81
2019-06-30T22:10:02+02:00;-13.69;-24.21;-17.97;36.78;-19.09
2019-06-30T22:20:02+02:00;-13.7;-23.75;-16.42;34.29;-19.58
2019-06-30T22:30:01+02:00;-12.44;-14.64;-18.39;35.73;-9.74
2019-06-30T22:40:02+02:00;-10.08;-20.46;-16.33;34.18;-12.69
2019-06-30T22:50:01+02:00;-13.22;-24.04;-18.47;35.68;-20.05
2019-06-30T23:00:01+02:00;NaN;;-16.49;33.67;17.18
2019-06-30T23:00:03+02:00;-13.66;-24.49;NaN;;-38.15
2019-06-30T23:10:01+02:00;-13.79;-24.45;-18.36;33.6;-23
2019-06-30T23:20:02+02:00;-13.88;-24.47;-16.69;33.32;-21.72
2019-06-30T23:30:01+02:00;-13.85;-24.43;-18.11;33.63;-22.76
2019-06-30T23:40:02+02:00;-13.89;-24.51;-17.01;32.96;-22.45
2019-06-30T23:50:01+02:00;-14.03;-24.68;-17.87;32.45;-24.13
2019-07-01T00:00:02+02:00;-14.04;-24.65;NaN;;-38.69
2019-07-01T00:00:03+02:00;NaN;;-17.06;34.06;17
2019-07-01T00:10:03+02:00;-13.99;-24.61;NaN;;-38.6
2019-07-01T00:10:04+02:00;NaN;;-17.66;33.54;15.88
2019-07-01T00:20:01+02:00;-13.99;-24.64;NaN;;-38.63
2019-07-01T00:20:02+02:00;NaN;;-17.2;33.88;16.68
2019-07-01T00:30:02+02:00;-13.96;-24.6;-15.83;30.24;-24.15
2019-07-01T00:40:01+02:00;NaN;;-11.35;36.59;25.24
2019-07-01T00:40:02+02:00;-13.92;-24.54;NaN;;-38.46
2019-07-01T00:50:01+02:00;-13.94;-24.51;-14.61;37.15;-15.91
2019-07-01T01:00:01+02:00;NaN;;-18.3;34.91;16.61
2019-07-01T01:00:03+02:00;-13.96;-24.51;NaN;;-38.47
2019-07-01T01:10:03+02:00;-13.98;-24.55;-16.59;33.45;-21.67
2019-07-01T01:20:02+02:00;-13.98;-24.5;-18.01;33.38;-23.11
2019-07-01T01:30:01+02:00;NaN;;-17.01;33.9;16.89
2019-07-01T01:30:02+02:00;-13.89;-24.46;NaN;;-38.35
2019-07-01T01:40:01+02:00;-13.88;-24.45;-17.56;32.87;-23.02
2019-07-01T01:50:01+02:00;-13.92;-24.48;NaN;;-38.4
2019-07-01T01:50:02+02:00;NaN;;-17.26;33.59;16.33
2019-07-01T02:00:01+02:00;-13.96;-24.55;NaN;;-38.51
2019-07-01T02:00:03+02:00;NaN;;-17.27;32.03;14.76
2019-07-01T02:10:01+02:00;-14;-24.55;-17.76;33.73;-22.58
2019-07-01T02:20:01+02:00;NaN;;-16.94;31.51;14.57
2019-07-01T02:20:02+02:00;-13.92;-24.5;NaN;;-38.42
2019-07-01T02:30:02+02:00;-13.91;-24.23;-17.94;33.03;-23.05
2019-07-01T02:40:02+02:00;NaN;;-16.89;30.72;13.83
2019-07-01T02:40:03+02:00;-12.71;-15.45;NaN;;-28.16
2019-07-01T02:50:03+02:00;-10.18;-19.91;-17.94;33.78;-14.25
2019-07-01T03:00:04+02:00;-13.34;-24.31;-16.79;31.34;-23.1
2019-07-01T03:10:01+02:00;NaN;;-18.09;33.3;15.21
2019-07-01T03:10:02+02:00;-13.82;-24.67;NaN;;-38.49
2019-07-01T03:20:03+02:00;-13.96;-24.69;-16.72;30.41;-24.96
2019-07-01T03:30:01+02:00;-14.03;-24.7;-13.35;30.84;-21.24
2019-07-01T03:40:02+02:00;-14.04;-24.67;-12.31;35.55;-15.47
2019-07-01T03:50:01+02:00;-14;-24.63;NaN;;-38.63
2019-07-01T03:50:02+02:00;NaN;;-18.43;34.96;16.53
2019-07-01T04:00:01+02:00;NaN;;-16.42;32.34;15.92
2019-07-01T04:00:03+02:00;-13.98;-24.65;NaN;;-38.63
2019-07-01T04:10:03+02:00;-13.97;-24.6;-18.37;33.37;-23.57
2019-07-01T04:20:03+02:00;-14.04;-24.64;-16.16;32;-22.84
2019-07-01T04:30:02+02:00;-14.09;-24.69;-18.47;32.95;-24.3
2019-07-01T04:40:02+02:00;NaN;;-16.41;31.55;15.14
2019-07-01T04:40:03+02:00;-14.06;-24.7;NaN;;-38.76
2019-07-01T04:50:01+02:00;NaN;;-18.35;32.5;14.15
2019-07-01T04:50:02+02:00;-14.06;-24.7;NaN;;-38.76
2019-07-01T05:00:02+02:00;NaN;;-16.57;31.91;15.34
2019-07-01T05:00:03+02:00;-14.05;-24.66;NaN;;-38.71
2019-07-01T05:10:03+02:00;-14.07;-24.67;-18.15;31.99;-24.9
2019-07-01T05:20:01+02:00;-14.08;-24.69;-16.68;31.44;-24.01
2019-07-01T05:30:01+02:00;-14.03;-24.62;-18;31.74;-24.91
2019-07-01T05:40:02+02:00;NaN;;-16.77;31.57;14.8
2019-07-01T05:40:03+02:00;-14.02;-24.65;NaN;;-38.67
2019-07-01T05:50:01+02:00;-14.07;-24.71;NaN;;-38.78
2019-07-01T05:50:02+02:00;NaN;;-17.97;31.7;13.73
2019-07-01T06:00:01+02:00;NaN;;-16.71;31.39;14.68
2019-07-01T06:00:03+02:00;-14.06;-24.66;NaN;;-38.72
2019-07-01T06:10:03+02:00;-14.09;-24.74;-18;31.24;-25.59
2019-07-01T06:20:02+02:00;-14.07;-24.66;-16.56;30.49;-24.8
2019-07-01T06:30:01+02:00;NaN;;-15.05;29.18;14.13
2019-07-01T06:30:02+02:00;-14.04;-24.64;NaN;;-38.68
2019-07-01T06:40:02+02:00;-13.91;-24.36;-11.79;34.61;-15.45
2019-07-01T06:50:01+02:00;-12.83;-16.57;-17.85;34.98;-12.27
2019-07-01T07:00:04+02:00;-10.07;-19.32;-16.71;32.15;-13.95
2019-07-01T07:10:01+02:00;-13.26;-24.18;NaN;;-37.44
2019-07-01T07:10:02+02:00;NaN;;-18.05;33.85;15.8
2019-07-01T07:20:01+02:00;-13.76;-24.69;-16.33;31.86;-22.92
2019-07-01T07:30:02+02:00;-13.89;-24.65;-18.4;33.99;-22.95
2019-07-01T07:40:01+02:00;-13.92;-24.64;NaN;;-38.56
2019-07-01T07:40:02+02:00;NaN;;-16.16;31.92;15.76
2019-07-01T07:50:02+02:00;-13.88;-24.55;-18.48;33.37;-23.54
2019-07-01T08:00:02+02:00;NaN;;-16.21;31.83;15.62
2019-07-01T08:00:03+02:00;-13.85;-24.47;NaN;;-38.32
2019-07-01T08:10:03+02:00;-13.83;-24.42;NaN;;-38.25
2019-07-01T08:10:04+02:00;NaN;;-18.51;33.75;15.24
2019-07-01T08:20:01+02:00;-13.8;-24.34;-16.32;32.31;-22.15
2019-07-01T08:30:01+02:00;-13.78;-24.3;-18.4;33.3;-23.18
2019-07-01T08:40:02+02:00;-13.7;-24.28;-16.29;32.2;-22.07
2019-07-01T08:50:02+02:00;-13.73;-24.27;-18.42;33.53;-22.89
2019-07-01T09:00:02+02:00;NaN;;-16.31;32.83;16.52
2019-07-01T09:00:03+02:00;-13.75;-24.26;NaN;;-38.01
2019-07-01T09:10:01+02:00;-13.7;-24.24;NaN;;-37.94
2019-07-01T09:10:02+02:00;NaN;;-18.41;33.9;15.49
2019-07-01T09:20:02+02:00;-13.7;-24.15;-16.02;32.11;-21.76
2019-07-01T09:30:04+02:00;-13.67;-24.17;NaN;;-37.84
2019-07-01T09:30:05+02:00;NaN;;-13.99;32.31;18.32
2019-07-01T09:40:01+02:00;-13.67;-24.16;-12.04;37.05;-12.82
2019-07-01T09:50:01+02:00;-13.66;-24.16;NaN;;-37.82
2019-07-01T09:50:02+02:00;NaN;;-18.1;36.6;18.5
2019-07-01T10:00:01+02:00;-13.58;-24.12;NaN;;-37.7
2019-07-01T10:00:03+02:00;NaN;;-16.52;34.51;17.99
2019-07-01T10:10:03+02:00;-13.56;-24.05;-18.31;35.83;-20.09
2019-07-01T10:20:01+02:00;-13.54;-24;-16.32;33.99;-19.87
2019-07-01T10:30:03+02:00;-13.52;-24.01;-18.32;35;-20.85
2019-07-01T10:40:03+02:00;-13.53;-23.99;-16.57;34.44;-19.65
2019-07-01T10:50:01+02:00;-13.48;-23.95;-18.04;34.56;-20.91
2019-07-01T11:00:01+02:00;-12.6;-16.91;NaN;;-29.51
2019-07-01T11:00:02+02:00;NaN;;-16.83;34.35;17.52
2019-07-01T11:10:03+02:00;-9.45;-17.57;-17.77;33.96;-10.83
2019-07-01T11:20:01+02:00;-12.6;-23.36;-17;34.36;-18.6
2019-07-01T11:30:02+02:00;-13.27;-23.99;-17.61;33.65;-21.22
2019-07-01T11:40:02+02:00;-13.4;-24.14;-17.22;34.53;-20.23
2019-07-01T11:50:02+02:00;-13.37;-24.04;-17.34;33.65;-21.1
2019-07-01T12:00:02+02:00;-13.39;-24.04;NaN;;-37.43
2019-07-01T12:00:03+02:00;NaN;;-17.42;34.98;17.56
2019-07-01T12:10:02+02:00;-13.45;-23.99;-17.2;33.49;-21.15
2019-07-01T12:20:01+02:00;-13.41;-23.91;NaN;;-37.32
2019-07-01T12:20:02+02:00;NaN;;-17.64;35.07;17.43
2019-07-01T12:30:01+02:00;-13.41;-23.9;NaN;;-37.31
2019-07-01T12:30:02+02:00;NaN;;-15.13;31.02;15.89
2019-07-01T12:40:03+02:00;-13.43;-23.92;-10.99;37.55;-10.79
2019-07-01T12:50:02+02:00;-13.42;-23.86;-16.31;37.55;-16.04
2019-07-01T13:00:03+02:00;-13.42;-23.82;-17.64;35.7;-19.18
2019-07-01T13:10:03+02:00;-13.4;-23.84;-17.22;35.83;-18.63
2019-07-01T13:20:01+02:00;-13.4;-23.85;-17.06;34.48;-19.83
2019-07-01T13:30:03+02:00;-13.38;-23.8;-17.8;36.07;-18.91
2019-07-01T13:40:01+02:00;NaN;;-16.45;34.02;17.57
2019-07-01T13:40:02+02:00;-13.39;-23.8;NaN;;-37.19
2019-07-01T13:50:03+02:00;-13.27;-23.79;-18.24;35.98;-19.32
2019-07-01T14:00:02+02:00;-13.33;-23.74;NaN;;-37.07
2019-07-01T14:00:03+02:00;NaN;;-16.26;34.04;17.78
2019-07-01T14:10:01+02:00;-13.28;-23.75;-18.44;36.06;-19.41
2019-07-01T14:20:01+02:00;-13.26;-23.68;-16.21;34.08;-19.07
2019-07-01T14:30:03+02:00;-13.22;-23.68;-18.48;35.55;-19.83
2019-07-01T14:40:02+02:00;-13.2;-23.6;-16.29;34.21;-18.88
2019-07-01T14:50:01+02:00;-13.18;-23.63;NaN;;-36.81
2019-07-01T14:50:02+02:00;NaN;;-18.34;35.15;16.81
2019-07-01T15:00:03+02:00;-13.16;-23.62;-16.41;34.5;-18.69
2019-07-01T15:10:03+02:00;-12.62;-17.8;-18.15;35.2;-13.37
2019-07-01T15:20:01+02:00;-9.39;-16.68;-16.26;33.74;-8.59
2019-07-01T15:30:01+02:00;-12.09;-22.83;-14.14;34.08;-14.98
2019-07-01T15:40:01+02:00;-12.98;-23.54;NaN;;-36.52
2019-07-01T15:40:02+02:00;NaN;;-12.49;38.34;25.85
2019-07-01T15:50:01+02:00;-13.12;-23.6;NaN;;-36.72
2019-07-01T15:50:02+02:00;NaN;;-18.27;37.61;19.34
2019-07-01T16:00:01+02:00;-13.17;-23.67;-16.42;35.4;-17.86
2019-07-01T16:10:01+02:00;-13.14;-23.57;NaN;;-36.71
2019-07-01T16:10:02+02:00;NaN;;-18.31;36.21;17.9
2019-07-01T16:20:01+02:00;NaN;;-16.49;35.35;18.86
2019-07-01T16:20:02+02:00;-13.23;-23.65;NaN;;-36.88
2019-07-01T16:30:01+02:00;-13.24;-23.67;NaN;;-36.91
2019-07-01T16:30:02+02:00;NaN;;-18.11;36.15;18.04
2019-07-01T16:40:01+02:00;-13.25;-23.69;-16.84;35.6;-18.18
2019-07-01T16:50:01+02:00;-13.23;-23.65;-17.68;35.02;-19.54
2019-07-01T17:00:02+02:00;-13.21;-23.65;NaN;;-36.86
2019-07-01T17:00:03+02:00;NaN;;-17.23;35.82;18.59
2019-07-01T17:10:02+02:00;-13.22;-23.65;-17.2;34.76;-19.31
2019-07-01T17:20:01+02:00;-13.23;-23.66;-17.53;35.97;-18.45
2019-07-01T17:30:02+02:00;-13.24;-23.65;-16.9;34.14;-19.65
2019-07-01T17:40:03+02:00;-13.22;-23.61;-17.89;35.95;-18.77
2019-07-01T17:50:01+02:00;NaN;;-16.67;33.84;17.17
2019-07-01T17:50:02+02:00;-13.2;-23.57;NaN;;-36.77
2019-07-01T18:00:02+02:00;-13.21;-23.61;-18.16;36.36;-18.62
2019-07-01T18:10:03+02:00;-13.2;-23.6;-16.37;33.88;-19.29
2019-07-01T18:20:01+02:00;-13.21;-23.61;-18.19;35.28;-19.73
2019-07-01T18:30:01+02:00;-13.23;-23.65;-14.44;32.87;-18.45
2019-07-01T18:40:01+02:00;-13.26;-23.69;-11.55;38.28;-10.22
2019-07-01T18:50:02+02:00;-13.28;-23.72;-17.56;38;-16.56
2019-07-01T19:00:03+02:00;-13.3;-23.76;-16.94;35.35;-18.65
2019-07-01T19:10:03+02:00;-13.31;-23.83;-17.9;36.69;-18.35
2019-07-01T19:20:01+02:00;-12.66;-18.63;-16.45;34.89;-12.85
2019-07-01T19:30:01+02:00;-9.57;-16.06;NaN;;-25.63
2019-07-01T19:30:02+02:00;NaN;;-18.34;36.45;18.11
2019-07-01T19:40:05+02:00;-12.27;-23.05;-16.31;34.68;-16.95
2019-07-01T19:50:01+02:00;-13.31;-23.8;-18.33;35.84;-19.6
2019-07-01T20:00:04+02:00;-13.51;-24.09;-16.53;35.21;-18.92
2019-07-01T20:10:01+02:00;NaN;;-18.2;35.34;17.14
2019-07-01T20:10:02+02:00;-13.65;-24.23;NaN;;-37.88
2019-07-01T20:20:01+02:00;NaN;;-16.72;34.86;18.14
2019-07-01T20:20:02+02:00;-13.6;-24.16;NaN;;-37.76
2019-07-01T20:30:01+02:00;-13.61;-24.2;-18.01;34.79;-21.03
2019-07-01T20:40:03+02:00;-13.64;-24.24;-16.97;35.51;-19.34
2019-07-01T20:50:01+02:00;-13.62;-24.2;NaN;;-37.82
2019-07-01T20:50:02+02:00;NaN;;-17.74;34.74;17
2019-07-01T21:00:03+02:00;-13.61;-24.15;-17.11;34.87;-20
2019-07-01T21:10:01+02:00;-13.64;-24.13;-17.63;33.65;-21.75
2019-07-01T21:20:02+02:00;-13.66;-24.15;-17.12;34.02;-20.91
2019-07-01T21:30:01+02:00;-13.66;-24.17;NaN;;-37.83
2019-07-01T21:30:02+02:00;NaN;;-14.65;32.45;17.8
2019-07-01T21:40:04+02:00;-13.68;-24.14;-11.64;37.37;-12.09
2019-07-01T21:50:01+02:00;-13.71;-24.19;-17.63;37.5;-18.03
2019-07-01T22:00:02+02:00;-13.71;-24.21;NaN;;-37.92
2019-07-01T22:00:03+02:00;NaN;;-16.95;34.55;17.6
2019-07-01T22:10:05+02:00;-13.76;-24.27;-17.93;36.84;-19.12
2019-07-01T22:20:01+02:00;-13.79;-24.33;-16.35;34.24;-20.23
2019-07-01T22:30:01+02:00;NaN;;-18.33;35.6;17.27
2019-07-01T22:30:02+02:00;-13.82;-24.32;NaN;;-38.14
2019-07-01T22:40:01+02:00;-13.77;-24.36;-16.24;33.61;-20.76
2019-07-01T22:50:02+02:00;-13.79;-24.45;-18.48;35.23;-21.49
2019-07-01T23:00:01+02:00;-13.86;-24.44;NaN;;-38.3
2019-07-01T23:00:03+02:00;NaN;;-16.35;33.9;17.55
2019-07-01T23:10:01+02:00;NaN;;-18.33;34.65;16.32
2019-07-01T23:10:02+02:00;-13.84;-24.41;NaN;;-38.25
2019-07-01T23:20:01+02:00;-13.82;-24.42;-16.7;33.9;-21.04
2019-07-01T23:30:01+02:00;-13.31;-19.98;-18.06;34.14;-17.21
2019-07-01T23:40:07+02:00;-10.3;-16.37;-16.95;34.09;-9.53
2019-07-01T23:50:02+02:00;-12.72;-23.56;-17.71;32.85;-21.14
2019-07-02T00:00:01+02:00;-13.81;-24.62;NaN;;-38.43
2019-07-02T00:00:03+02:00;NaN;;-17.04;33.54;16.5
2019-07-02T00:10:02+02:00;-13.94;-24.74;NaN;;-38.68
2019-07-02T00:10:04+02:00;NaN;;-17.43;32.62;15.19
2019-07-02T00:20:01+02:00;-13.96;-24.71;NaN;;-38.67
2019-07-02T00:20:02+02:00;NaN;;-17.07;32.66;15.59
2019-07-02T00:30:01+02:00;-13.95;-24.63;-14.58;31.22;-21.94
2019-07-02T00:40:02+02:00;-14.02;-24.67;-11.49;36.42;-13.76
2019-07-02T00:50:03+02:00;-14.04;-24.71;-17.69;36.75;-19.69
2019-07-02T01:00:02+02:00;-13.98;-24.59;NaN;;-38.57
2019-07-02T01:00:03+02:00;NaN;;-16.82;34.45;17.63
2019-07-02T01:10:02+02:00;-14.02;-24.63;-18.06;35.32;-21.39
2019-07-02T01:20:01+02:00;NaN;;-16.32;32.62;16.3
2019-07-02T01:20:02+02:00;-14.01;-24.69;NaN;;-38.7
2019-07-02T01:30:01+02:00;NaN;;-18.47;33.46;14.99
2019-07-02T01:30:02+02:00;-14.01;-24.64;NaN;;-38.65
2019-07-02T01:40:01+02:00;-14.02;-24.63;-16.3;32.42;-22.53
2019-07-02T01:50:01+02:00;NaN;;-18.47;33.42;14.95
2019-07-02T01:50:02+02:00;-14;-24.61;NaN;;-38.61
2019-07-02T02:00:03+02:00;NaN;;-16.33;32.05;15.72
2019-07-02T02:00:04+02:00;-13.95;-24.57;NaN;;-38.52
2019-07-02T02:10:03+02:00;-13.97;-24.58;-18.34;32.5;-24.39
2019-07-02T02:20:01+02:00;-14.06;-24.63;-16.61;31.77;-23.53
2019-07-02T02:30:02+02:00;-14.05;-24.63;-18.13;32.35;-24.46
2019-07-02T02:40:01+02:00;-14.07;-24.65;-16.7;32.03;-23.39
2019-07-02T02:50:01+02:00;NaN;;-18;31.61;13.61
2019-07-02T02:50:02+02:00;-14.1;-24.7;NaN;;-38.8
2019-07-02T03:00:01+02:00;-14.08;-24.68;-16.74;31.81;-23.69
2019-07-02T03:10:02+02:00;-14.09;-24.64;-17.93;32.2;-24.46
2019-07-02T03:20:01+02:00;-14.06;-24.68;-16.43;30.99;-24.18
2019-07-02T03:30:01+02:00;-14.1;-24.66;-13.94;31.58;-21.12
2019-07-02T03:40:01+02:00;-13.76;-21.4;-13.37;34.65;-13.88
2019-07-02T03:50:03+02:00;-10.69;-16.19;-18.09;33.03;-11.94
2019-07-02T04:00:03+02:00;-12.74;-23.55;-17.27;32.8;-20.76
2019-07-02T04:10:01+02:00;-13.81;-24.63;-17.4;32;-23.84
2019-07-02T04:20:02+02:00;-14.05;-24.88;-17.6;32.64;-23.89
2019-07-02T04:30:04+02:00;-14.13;-24.91;NaN;;-39.04
2019-07-02T04:30:05+02:00;NaN;;-16.95;30.55;13.6
2019-07-02T04:40:01+02:00;-14.18;-24.94;NaN;;-39.12
2019-07-02T04:40:02+02:00;NaN;;-17.81;33.09;15.28
2019-07-02T04:50:01+02:00;-14.19;-24.9;-16.67;30.63;-25.13
2019-07-02T05:00:01+02:00;NaN;;-18.09;32.91;14.82
2019-07-02T05:00:03+02:00;-14.17;-24.85;NaN;;-39.02
2019-07-02T05:10:02+02:00;-14.17;-24.84;-16.59;30.36;-25.24
2019-07-02T05:20:01+02:00;-14.12;-24.77;-18.26;32.85;-24.3
2019-07-02T05:30:01+02:00;-14.07;-24.73;-16.38;30.34;-24.84
2019-07-02T05:40:01+02:00;-14.13;-24.76;-18.34;32.63;-24.6
2019-07-02T05:50:02+02:00;-14.12;-24.75;-16.31;30.22;-24.96
2019-07-02T06:00:02+02:00;-14.1;-24.76;-18.4;32.38;-24.88
2019-07-02T06:10:03+02:00;-14.08;-24.78;-16.3;29.86;-25.3
2019-07-02T06:20:01+02:00;-14.07;-24.73;-18.49;32.15;-25.14
2019-07-02T06:30:02+02:00;-14.11;-24.75;-16.22;29.75;-25.33
2019-07-02T06:40:01+02:00;-14.1;-24.77;NaN;;-38.87
2019-07-02T06:40:02+02:00;NaN;;-18.48;32.45;13.97
2019-07-02T06:50:01+02:00;-14.1;-24.71;NaN;;-38.81
2019-07-02T06:50:02+02:00;NaN;;-15.74;28.4;12.66
2019-07-02T07:00:01+02:00;-14.08;-24.72;-11.72;34.22;-16.3
2019-07-02T07:10:02+02:00;-14.04;-24.66;-17.39;34.53;-21.56
2019-07-02T07:20:01+02:00;-14.01;-24.61;-17.16;31.74;-24.04
2019-07-02T07:30:01+02:00;-13.96;-24.57;-17.75;34.21;-22.07
2019-07-02T07:40:01+02:00;-13.9;-24.5;-16.61;32;-23.01
2019-07-02T07:50:02+02:00;-13.41;-21.21;-18.02;33.84;-18.8
2019-07-02T08:00:02+02:00;-10.77;-14.71;-16.38;31.38;-10.48
2019-07-02T08:10:01+02:00;NaN;;-18.23;33.87;15.64
2019-07-02T08:10:02+02:00;-11.83;-22.86;NaN;;-34.69
2019-07-02T08:20:02+02:00;-13.49;-24.11;-16.35;31.52;-22.43
2019-07-02T08:30:01+02:00;-13.74;-24.34;NaN;;-38.08
2019-07-02T08:30:02+02:00;NaN;;-18.28;34.01;15.73
2019-07-02T08:40:02+02:00;-13.72;-24.3;-16.2;31.81;-22.41
2019-07-02T08:50:01+02:00;-13.69;-24.37;-18.42;34.35;-22.13
2019-07-02T09:00:01+02:00;-13.67;-24.22;NaN;;-37.89
2019-07-02T09:00:02+02:00;NaN;;-16.18;31.62;15.44
2019-07-02T09:10:01+02:00;-13.63;-24.2;NaN;;-37.83
2019-07-02T09:10:02+02:00;NaN;;-18.2;31.79;13.59
2019-07-02T09:20:01+02:00;-13.62;-24.14;-16.17;29.57;-24.36
2019-07-02T09:30:01+02:00;-13.63;-24.2;-18.55;31.4;-24.98
2019-07-02T09:40:02+02:00;-13.61;-24.13;-16.18;29.51;-24.41
2019-07-02T09:50:02+02:00;-13.57;-24.08;-17.35;28.37;-26.63
2019-07-02T10:00:01+02:00;NaN;;-12.42;31.9;19.48
2019-07-02T10:00:03+02:00;-13.55;-24.02;NaN;;-37.57
2019-07-02T10:10:02+02:00;-13.55;-23.98;-14.06;33.81;-17.78
2019-07-02T10:20:01+02:00;-13.47;-23.96;NaN;;-37.43
2019-07-02T10:20:02+02:00;NaN;;-18.31;32.16;13.85
2019-07-02T10:30:01+02:00;NaN;;-16.52;31.25;14.73
2019-07-02T10:30:02+02:00;-13.5;-24.01;NaN;;-37.51
2019-07-02T10:40:01+02:00;-13.54;-24;-18.13;31.16;-24.51
2019-07-02T10:50:02+02:00;-13.5;-23.98;-16.83;31.23;-23.08
2019-07-02T11:00:01+02:00;-11.51;-22.91;NaN;;-34.42
2019-07-02T11:00:02+02:00;NaN;;-17.33;31.58;14.25
2019-07-02T11:10:01+02:00;-12.6;-23.37;-18.12;31.73;-22.36
2019-07-02T11:20:01+02:00;-13.14;-23.86;-16.69;31.3;-22.39
2019-07-02T11:30:01+02:00;-13.29;-23.91;-17.85;30.98;-24.07
2019-07-02T11:40:04+02:00;-13.32;-23.96;-17.36;31.53;-23.11
2019-07-02T11:50:01+02:00;-13.3;-23.92;-17.11;30.1;-24.23
2019-07-02T12:00:02+02:00;NaN;;-17.99;32.26;14.27
2019-07-02T12:00:03+02:00;-12.99;-21.45;NaN;;-34.44
2019-07-02T12:10:02+02:00;-10.71;-13.99;-16.53;30.24;-10.99
2019-07-02T12:20:01+02:00;-10.85;-21.95;-18.21;32.03;-18.98
2019-07-02T12:30:02+02:00;-12.9;-23.63;-16.13;29.89;-22.77
2019-07-02T12:40:01+02:00;NaN;;-17.02;32.98;15.96
2019-07-02T12:40:02+02:00;-13.11;-23.71;NaN;;-36.82
2019-07-02T12:47:46+02:00;NaN;;-2.44;NaN;-2.44
2019-07-02T12:50:02+02:00;-13.12;-23.84;-10.57;29.16;-18.37
2019-07-02T13:00:01+02:00;NaN;;-2.53;33.9;31.37
2019-07-02T13:00:03+02:00;-12.63;-23.6;NaN;;-36.23
2019-07-02T13:10:03+02:00;-13.01;-23.6;-13.96;36.08;-14.49
2019-07-02T13:20:02+02:00;-13.08;-23.66;-17.94;35.68;-19
2019-07-02T13:30:01+02:00;-13.12;-23.71;NaN;;-36.83
2019-07-02T13:30:02+02:00;NaN;;-16.84;34.85;18.01
2019-07-02T13:40:01+02:00;-13.12;-23.61;NaN;;-36.73
2019-07-02T13:40:02+02:00;NaN;;-17.21;34.38;17.17
2019-07-02T13:50:02+02:00;-13.09;-23.6;-17.89;35.37;-19.21
2019-07-02T14:00:03+02:00;-13.07;-23.63;-16.95;34.83;-18.82
2019-07-02T14:10:01+02:00;-13.09;-23.6;NaN;;-36.69
2019-07-02T14:10:02+02:00;NaN;;-17.29;34.41;17.12
2019-07-02T14:20:01+02:00;-13.08;-23.62;-17.88;35.52;-19.06
2019-07-02T14:30:01+02:00;-12.58;-23.69;-16.89;33.06;-20.1
2019-07-02T14:40:02+02:00;-11.78;-23.11;-16.29;32.35;-18.83
2019-07-02T14:50:01+02:00;-12.59;-23.21;-17.68;31.09;-22.39
2019-07-02T15:00:03+02:00;-12.85;-23.44;-16.89;30.53;-22.65
2019-07-02T15:10:01+02:00;-13.06;-23.65;-16.86;29.44;-24.13
2019-07-02T15:20:01+02:00;-13.17;-23.78;-18.11;30.4;-24.66
2019-07-02T15:30:01+02:00;-13.25;-23.85;NaN;;-37.1
2019-07-02T15:30:02+02:00;NaN;;-17.94;30.05;12.11
2019-07-02T15:40:01+02:00;NaN;;-17.66;30.07;12.41
2019-07-02T15:40:02+02:00;-13.29;-23.89;NaN;;-37.18
2019-07-02T15:50:01+02:00;-13.39;-23.96;-15.48;26.73;-26.1
2019-07-02T16:00:03+02:00;-13.51;-24.18;-11.61;31.76;-17.54
2019-07-02T16:10:01+02:00;-13.3;-22.6;-17.02;31.11;-21.81
2019-07-02T16:20:01+02:00;-11.19;-14.47;NaN;;-25.66
2019-07-02T16:20:02+02:00;NaN;;-17.14;29.04;11.9
2019-07-02T16:30:01+02:00;-11.03;-22.15;-17.43;30.86;-19.75
2019-07-02T16:40:01+02:00;NaN;;-16.56;29.29;12.73
2019-07-02T16:40:02+02:00;-13.17;-23.83;NaN;;-37
2019-07-02T16:50:01+02:00;-13.42;-24.03;-17.9;31.3;-24.05
2019-07-02T16:57:34+02:00;NaN;;-4.44;NaN;-4.44
2019-07-02T17:00:01+02:00;-13.44;-24.07;-10.74;32.86;-15.39
2019-07-02T17:10:02+02:00;-12.65;-23.78;-1.02;35.04;-2.41
2019-07-02T17:12:35+02:00;NaN;;-4.56;NaN;-4.56
2019-07-02T17:20:02+02:00;-11.31;-23.19;NaN;;-34.5
2019-07-02T17:20:03+02:00;NaN;;-3.43;35.7;32.27
2019-07-02T17:30:01+02:00;-12.64;-23.51;-10.12;36.25;-10.02
2019-07-02T17:40:01+02:00;-13.08;-23.87;-11.13;36.18;-11.9
2019-07-02T17:50:01+02:00;-13.09;-23.79;-10.62;36.61;-10.89
2019-07-02T18:00:02+02:00;-11.35;-23.34;-13.43;36.59;-11.53
2019-07-02T18:06:08+02:00;NaN;;-4.81;NaN;-4.81
2019-07-02T18:10:01+02:00;-9.48;-22.14;-11.32;36.9;-6.04
2019-07-02T18:20:01+02:00;-11.8;-22.89;-12.48;37.11;-10.06
2019-07-02T18:30:01+02:00;-12.74;-23.51;-14.35;37.03;-13.57
2019-07-02T18:40:01+02:00;-13.06;-23.75;-15.26;37.02;-15.05
2019-07-02T18:50:01+02:00;NaN;;-13.17;31.97;18.8
2019-07-02T18:50:02+02:00;-13.2;-23.96;NaN;;-37.16
2019-07-02T19:00:02+02:00;NaN;;-8.58;37.22;28.64
2019-07-02T19:00:03+02:00;-13.48;-24.13;NaN;;-37.61
2019-07-02T19:10:01+02:00;-13.54;-24.29;-14.25;36.96;-15.12
2019-07-02T19:20:01+02:00;NaN;;-17.94;36.36;18.42
2019-07-02T19:20:02+02:00;-13.69;-24.46;NaN;;-38.15
2019-07-02T19:30:01+02:00;-13.73;-24.55;NaN;;-38.28
2019-07-02T19:30:02+02:00;NaN;;-16.83;34.87;18.04
2019-07-02T19:40:01+02:00;NaN;;-17.88;34.92;17.04
2019-07-02T19:40:02+02:00;-13.79;-24.62;NaN;;-38.41
2019-07-02T19:50:01+02:00;-13.77;-24.69;-17.44;34.65;-21.25
2019-07-02T20:00:01+02:00;-13.76;-24.71;-16.9;34.35;-21.02
2019-07-02T20:10:02+02:00;-13.73;-24.69;-17.59;34.53;-21.48
2019-07-02T20:20:01+02:00;NaN;;-16.81;34.71;17.9
2019-07-02T20:20:02+02:00;-13.86;-24.82;NaN;;-38.68
2019-07-02T20:30:01+02:00;-14.12;-25.01;-17.11;33.35;-22.89
2019-07-02T20:40:01+02:00;-14.19;-25.18;-17.99;32.54;-24.82
2019-07-02T20:50:01+02:00;NaN;;-17.53;32.34;14.81
2019-07-02T20:50:02+02:00;-14.22;-25.19;NaN;;-39.41
2019-07-02T21:00:02+02:00;NaN;;-16.98;31.26;14.28
2019-07-02T21:00:03+02:00;-14.18;-25.18;NaN;;-39.36
2019-07-02T21:10:04+02:00;-14.13;-25.1;-17.59;31.31;-25.51
2019-07-02T21:20:01+02:00;-14.06;-24.93;-17.91;32.26;-24.64
2019-07-02T21:30:03+02:00;-13.99;-24.96;-17.08;31.75;-24.28
2019-07-02T21:40:02+02:00;-13.97;-24.96;-17.13;31.32;-24.74
2019-07-02T21:50:02+02:00;-13.98;-24.97;NaN;;-38.95
2019-07-02T21:50:03+02:00;NaN;;-18.04;31.97;13.93
2019-07-02T22:00:01+02:00;-13.98;-25.01;NaN;;-38.99
2019-07-02T22:00:03+02:00;NaN;;-17.21;31.65;14.44
2019-07-02T22:10:02+02:00;NaN;;-16.97;30.97;14
2019-07-02T22:10:03+02:00;-13.99;-24.97;NaN;;-38.96
2019-07-02T22:20:01+02:00;-13.94;-24.88;NaN;;-38.82
2019-07-02T22:20:02+02:00;NaN;;-18.05;32.31;14.26
2019-07-02T22:30:01+02:00;-13.92;-24.85;-17.18;31.98;-23.97
2019-07-02T22:40:02+02:00;-13.92;-24.85;-16.96;30.9;-24.83
2019-07-02T22:50:01+02:00;-13.94;-24.83;-18.03;32.34;-24.46
2019-07-02T23:00:01+02:00;-13.89;-24.8;NaN;;-38.69
2019-07-02T23:00:03+02:00;NaN;;-17.09;32.05;14.96
2019-07-02T23:10:01+02:00;-13.9;-24.82;-17.13;31.36;-24.49
2019-07-02T23:20:03+02:00;-13.9;-24.82;-14.57;29.71;-23.58
2019-07-02T23:30:01+02:00;-13.85;-24.8;-10.72;34.83;-14.54
2019-07-02T23:40:01+02:00;-13.85;-24.79;-16.89;35.73;-19.8
2019-07-02T23:50:01+02:00;-13.83;-24.74;-17.03;33.18;-22.42
2019-07-03T00:00:01+02:00;NaN;;-17.98;33.32;15.34
2019-07-03T00:00:03+02:00;-13.89;-24.81;NaN;;-38.7
2019-07-03T00:10:01+02:00;-13.95;-24.88;NaN;;-38.83
2019-07-03T00:10:02+02:00;NaN;;-17.32;33;15.68
2019-07-03T00:20:01+02:00;NaN;;-16.79;32.81;16.02
2019-07-03T00:20:02+02:00;-13.18;-20.51;NaN;;-33.69
2019-07-03T00:30:02+02:00;-10.57;-14.88;-18.03;33.14;-10.34
2019-07-03T00:40:02+02:00;-12.09;-23.25;NaN;;-35.34
2019-07-03T00:40:03+02:00;NaN;;-17.4;32.86;15.46
2019-07-03T00:50:02+02:00;-13.52;-24.42;-16.76;31.87;-22.83
2019-07-03T01:00:01+02:00;-13.77;-24.64;-18.07;33.4;-23.08
2019-07-03T01:10:03+02:00;-13.85;-24.7;-17.25;32.77;-23.03
2019-07-03T01:20:02+02:00;-13.89;-24.71;-16.8;31.81;-23.59
2019-07-03T01:30:02+02:00;-13.89;-24.77;-18.07;33.45;-23.28
2019-07-03T01:40:01+02:00;NaN;;-17;32.52;15.52
2019-07-03T01:40:02+02:00;-13.94;-24.78;NaN;;-38.72
2019-07-03T01:50:03+02:00;-13.91;-24.77;-17.12;31.26;-24.54
2019-07-03T02:00:02+02:00;-13.89;-24.7;-17.93;32.93;-23.59
2019-07-03T02:10:02+02:00;-13.92;-24.73;-16.6;31.61;-23.64
2019-07-03T02:20:03+02:00;NaN;;-16.74;30.37;13.63
2019-07-03T02:20:04+02:00;-13.97;-24.82;NaN;;-38.79
2019-07-03T02:30:01+02:00;NaN;;-11.48;33.81;22.33
2019-07-03T02:30:02+02:00;-14.01;-24.85;NaN;;-38.86
2019-07-03T02:40:02+02:00;-13.99;-24.8;-15.07;34.68;-19.18
2019-07-03T02:50:02+02:00;-13.96;-24.75;-17.49;32.36;-23.84
2019-07-03T03:00:01+02:00;-13.99;-24.82;NaN;;-38.81
2019-07-03T03:00:03+02:00;NaN;;-17.57;33.71;16.14
2019-07-03T03:10:01+02:00;-13.99;-24.81;-16.58;31.87;-23.51
2019-07-03T03:20:01+02:00;-14.11;-24.85;-17.87;31.5;-25.33
2019-07-03T03:30:01+02:00;NaN;;-17.53;31.63;14.1
2019-07-03T03:30:02+02:00;-14.01;-24.87;NaN;;-38.88
2019-07-03T03:40:03+02:00;-13.98;-24.84;-16.54;30.24;-25.12
2019-07-03T03:50:01+02:00;-14.08;-24.9;-18.11;31.53;-25.56
2019-07-03T04:00:01+02:00;NaN;;-17.15;30.98;13.83
2019-07-03T04:00:03+02:00;-14.07;-24.94;NaN;;-39.01
2019-07-03T04:10:03+02:00;-14.07;-24.82;-16.92;29.84;-25.97
2019-07-03T04:20:01+02:00;-14.03;-24.89;-17.97;31.56;-25.33
2019-07-03T04:30:01+02:00;NaN;;-16.53;30.16;13.63
2019-07-03T04:30:02+02:00;-13.93;-23.4;NaN;;-37.33
2019-07-03T04:40:02+02:00;-11.41;-15.84;-17.93;30.28;-14.9
2019-07-03T04:50:01+02:00;-12.11;-23.35;-17.32;30.6;-22.18
2019-07-03T05:00:01+02:00;-13.79;-24.64;-16.78;29.39;-25.82
2019-07-03T05:10:01+02:00;-14.04;-24.94;-18.05;31.64;-25.39
2019-07-03T05:20:01+02:00;-13.98;-24.9;NaN;;-38.88
2019-07-03T05:20:02+02:00;NaN;;-14.88;28.63;13.75
2019-07-03T05:30:02+02:00;NaN;;-11.78;33.37;21.59
2019-07-03T05:30:03+02:00;-14.01;-24.89;NaN;;-38.9
2019-07-03T05:40:02+02:00;-14.04;-24.9;-18.04;32.33;-24.65
2019-07-03T05:50:02+02:00;-14.05;-24.94;-16.7;30.37;-25.32
2019-07-03T06:00:01+02:00;-14.08;-24.98;NaN;;-39.06
2019-07-03T06:00:03+02:00;NaN;;-17.85;30.31;12.46
2019-07-03T06:10:02+02:00;-14.09;-24.95;-17.55;31.37;-25.22
2019-07-03T06:20:01+02:00;-14.07;-24.92;NaN;;-38.99
2019-07-03T06:20:02+02:00;NaN;;-16.51;29.57;13.06
2019-07-03T06:30:02+02:00;-14.1;-24.92;-18.26;29.59;-27.69
2019-07-03T06:40:01+02:00;-14.1;-24.88;-14.66;29.91;-23.73
2019-07-03T06:50:01+02:00;-14.05;-24.82;-15.84;31.46;-23.25
2019-07-03T07:00:03+02:00;-12.64;-24.71;-17.48;31.31;-23.52
2019-07-03T07:10:02+02:00;-13.19;-24.1;-15.99;29.99;-23.29
2019-07-03T07:20:02+02:00;-12.91;-25.08;-13.87;32.84;-19.02
2019-07-03T07:30:02+02:00;-10.93;-23.94;-15.66;34.03;-16.5
2019-07-03T07:40:01+02:00;-13.02;-24.28;-17.37;33.64;-21.03
2019-07-03T07:50:02+02:00;-13.37;-24.14;-16.69;33.69;-20.51
2019-07-03T08:00:01+02:00;-13.5;-24.41;NaN;;-37.91
2019-07-03T08:00:03+02:00;NaN;;-16.25;32.04;15.79
2019-07-03T08:10:01+02:00;NaN;;-17.58;32.95;15.37
2019-07-03T08:10:02+02:00;-13.62;-24.53;NaN;;-38.15
2019-07-03T08:16:08+02:00;NaN;;-3.13;NaN;-3.13
2019-07-03T08:20:01+02:00;-13.65;-24.5;-9.47;29.26;-18.36
2019-07-03T08:30:01+02:00;-13.53;-24.46;NaN;;-37.99
2019-07-03T08:30:02+02:00;NaN;;-6.35;34.53;28.18
2019-07-03T08:40:01+02:00;-13.37;-23.5;NaN;;-36.87
2019-07-03T08:40:02+02:00;NaN;;-16.43;34.56;18.13
2019-07-03T08:50:01+02:00;-11.89;-13.75;-17.48;33.3;-9.82
2019-07-03T09:00:03+02:00;-9.84;-21.09;NaN;;-30.93
2019-07-03T09:00:09+02:00;NaN;;-17.37;34.22;16.85
2019-07-03T09:10:01+02:00;-12.89;-23.95;NaN;;-36.84
2019-07-03T09:10:02+02:00;NaN;;-16.57;33.58;17.01
2019-07-03T09:20:01+02:00;-13.32;-24.16;-17.29;33.85;-20.92
2019-07-03T09:30:01+02:00;-13.44;-24.24;-17.72;35.18;-20.22
2019-07-03T09:40:02+02:00;-13.41;-24.17;-16.09;35.73;-17.94
2019-07-03T09:50:01+02:00;-13.38;-24.09;NaN;;-37.47
2019-07-03T09:50:02+02:00;NaN;;-17;33.43;16.43
2019-07-03T10:00:01+02:00;-13.36;-24.13;NaN;;-37.49
2019-07-03T10:00:03+02:00;NaN;;-17.83;33.99;16.16
2019-07-03T10:10:01+02:00;-13.13;-24.6;-16.7;32.95;-21.48
2019-07-03T10:20:02+02:00;-13.22;-23.93;-17.39;31.85;-22.69
2019-07-03T10:30:01+02:00;NaN;;-15.18;33.58;18.4
2019-07-03T10:30:02+02:00;-12.43;-24.01;NaN;;-36.44
2019-07-03T10:40:01+02:00;-12.49;-23.76;-17.68;31.62;-22.31
2019-07-03T10:50:01+02:00;-13.16;-23.98;-17.21;32.2;-22.15
2019-07-03T11:00:01+02:00;NaN;;-16.59;31.2;14.61
2019-07-03T11:00:03+02:00;-13.31;-24.09;NaN;;-37.4
2019-07-03T11:10:01+02:00;NaN;;-17.99;31.92;13.93
2019-07-03T11:10:02+02:00;-13.31;-24.15;NaN;;-37.46
2019-07-03T11:20:01+02:00;-13.33;-24.08;-13.8;29.03;-22.18
2019-07-03T11:30:01+02:00;-13.3;-24.18;-10.98;33.8;-14.66
2019-07-03T11:40:01+02:00;NaN;;-17.81;33.43;15.62
2019-07-03T11:40:02+02:00;-13.29;-24.1;NaN;;-37.39
2019-07-03T11:50:01+02:00;-13.33;-24.15;NaN;;-37.48
2019-07-03T11:50:02+02:00;NaN;;-16.61;31.93;15.32
2019-07-03T12:00:01+02:00;-13.29;-24.06;-17.64;32.2;-22.79
2019-07-03T12:10:01+02:00;-13.24;-23.98;-17.61;32.5;-22.33
2019-07-03T12:20:01+02:00;-13.26;-23.98;NaN;;-37.24
2019-07-03T12:20:02+02:00;NaN;;-16.59;31.55;14.96
2019-07-03T12:30:01+02:00;-13.23;-23.94;-17.79;31.56;-23.4
2019-07-03T12:40:01+02:00;-13.25;-23.92;-17.51;32.64;-22.04
2019-07-03T12:50:01+02:00;-13.23;-23.52;-16.52;32.57;-20.7
2019-07-03T13:00:01+02:00;-12.36;-14.66;NaN;;-27.02
2019-07-03T13:00:04+02:00;NaN;;-17.95;33.64;15.69
2019-07-03T13:10:01+02:00;-8.81;-19.18;-17.28;33.77;-11.5
2019-07-03T13:20:02+02:00;-12.32;-23.49;-16.66;32.9;-19.57
2019-07-03T13:30:01+02:00;-12.82;-23.93;NaN;;-36.75
2019-07-03T13:30:02+02:00;NaN;;-18.04;34.54;16.5
2019-07-03T13:40:03+02:00;-12.96;-23.86;-16.72;33.68;-19.86
2019-07-03T13:50:01+02:00;-13.01;-23.83;-17.4;33.61;-20.63
2019-07-03T14:00:02+02:00;-13.01;-23.72;NaN;;-36.73
2019-07-03T14:00:03+02:00;NaN;;-17.73;32.87;15.14
2019-07-03T14:10:01+02:00;-13.08;-23.84;NaN;;-36.92
2019-07-03T14:10:02+02:00;NaN;;-17.8;31.55;13.75
2019-07-03T14:20:01+02:00;NaN;;-12.75;28.06;15.31
2019-07-03T14:20:02+02:00;-13.01;-23.8;NaN;;-36.81
2019-07-03T14:30:01+02:00;-12.97;-23.81;-10.4;31.72;-15.46
2019-07-03T14:40:02+02:00;-13;-23.83;-17.85;30.73;-23.95
2019-07-03T14:50:01+02:00;-12.09;-23.52;NaN;;-35.61
2019-07-03T14:50:02+02:00;NaN;;-16.8;29.49;12.69
2019-07-03T15:00:02+02:00;-12.19;-23.1;NaN;;-35.29
2019-07-03T15:00:03+02:00;NaN;;-15.81;30.64;14.83
2019-07-03T15:10:01+02:00;-11.57;-23.6;-11.87;30.69;-16.35
2019-07-03T15:20:01+02:00;-12.58;-23.62;-17.5;31.57;-22.13
2019-07-03T15:30:01+02:00;-13.37;-24.19;-16.46;31.56;-22.46
2019-07-03T15:40:01+02:00;-13.11;-24.23;-17.75;32.31;-22.78
2019-07-03T15:50:01+02:00;-12.95;-23.99;NaN;;-36.94
2019-07-03T15:50:02+02:00;NaN;;-16.92;32.22;15.3
2019-07-03T16:00:01+02:00;NaN;;-16.75;31.26;14.51
2019-07-03T16:00:03+02:00;-13.65;-24.5;NaN;;-38.15
2019-07-03T16:10:01+02:00;-13.81;-24.63;-17.95;32.94;-23.45
2019-07-03T16:20:02+02:00;-13.88;-24.68;-16.75;31.97;-23.34
2019-07-03T16:30:01+02:00;NaN;;-17.44;31.49;14.05
2019-07-03T16:30:02+02:00;-13.9;-24.69;NaN;;-38.59
2019-07-03T16:40:01+02:00;-13.89;-24.71;-17.6;32.85;-23.35
2019-07-03T16:50:01+02:00;-13.95;-24.66;-16.51;31.62;-23.5
2019-07-03T17:00:02+02:00;-13.87;-24.15;-17.87;32.05;-23.84
2019-07-03T17:10:01+02:00;NaN;;-17.08;32.34;15.26
2019-07-03T17:10:02+02:00;-12.95;-15.64;NaN;;-28.59
2019-07-03T17:20:01+02:00;-10.64;-20.04;-14.97;28.07;-17.58
2019-07-03T17:30:01+02:00;-13.82;-25.03;-11.65;31.48;-19.02
2019-07-03T17:40:01+02:00;NaN;;-18.03;29.74;11.71
2019-07-03T17:40:02+02:00;-14.44;-25.35;NaN;;-39.79
2019-07-03T17:50:01+02:00;-14.44;-25.18;-16.81;28.44;-27.99
2019-07-03T18:00:01+02:00;-14.48;-25.32;-17.57;28.62;-28.75
2019-07-03T18:10:02+02:00;-14.53;-25.25;-17.76;29.13;-28.41
2019-07-03T18:20:01+02:00;-14.5;-25.23;NaN;;-39.73
2019-07-03T18:20:02+02:00;NaN;;-16.6;28.12;11.52
2019-07-03T18:30:01+02:00;-14.45;-25.19;-17.99;28.43;-29.2
2019-07-03T18:40:01+02:00;-14.48;-25.14;-17.55;28.61;-28.56
2019-07-03T18:50:02+02:00;-14.47;-25.13;-16.74;27.28;-29.06
2019-07-03T19:00:02+02:00;NaN;;-18.2;29.67;11.47
2019-07-03T19:00:03+02:00;-14.39;-25.13;NaN;;-39.52
2019-07-03T19:10:01+02:00;NaN;;-16.66;28.24;11.58
2019-07-03T19:10:02+02:00;-14.46;-25.1;NaN;;-39.56
2019-07-03T19:20:02+02:00;-14.41;-25.03;-17.91;28.19;-29.16
2019-07-03T19:30:01+02:00;-14.39;-25.04;NaN;;-39.43
2019-07-03T19:30:02+02:00;NaN;;-17.41;28.98;11.57
2019-07-03T19:40:01+02:00;-14.3;-24.87;NaN;;-39.17
2019-07-03T19:40:02+02:00;NaN;;-16.87;27.73;10.86
2019-07-03T19:50:01+02:00;-13.27;-24.39;-18.02;30.24;-25.44
2019-07-03T20:00:03+02:00;-13.03;-24;-16.35;28.37;-25.01
2019-07-03T20:10:01+02:00;-13.89;-24.61;-18.23;29.69;-27.04
2019-07-03T20:20:01+02:00;-14.16;-24.76;NaN;;-38.92
2019-07-03T20:20:02+02:00;NaN;;-14.09;27.96;13.87
2019-07-03T20:30:02+02:00;-14.18;-24.87;-11.95;33.17;-17.83
2019-07-03T20:40:03+02:00;-14.17;-24.9;-18.11;32.56;-24.62
2019-07-03T20:50:01+02:00;-14.16;-24.89;-16.67;30.98;-24.74
2019-07-03T21:00:01+02:00;-14.19;-24.9;NaN;;-39.09
2019-07-03T21:00:03+02:00;NaN;;-17.63;30.9;13.27
2019-07-03T21:10:02+02:00;-14.19;-24.91;-17.58;32.2;-24.48
2019-07-03T21:20:01+02:00;NaN;;-16.45;30.83;14.38
2019-07-03T21:20:02+02:00;-13.27;-17.58;NaN;;-30.85
2019-07-03T21:30:03+02:00;-10.21;-18.6;-18.11;32.45;-14.47
2019-07-03T21:40:01+02:00;NaN;;-16.89;31.38;14.49
2019-07-03T21:40:02+02:00;-13.39;-24.51;NaN;;-37.9
2019-07-03T21:50:01+02:00;-14.13;-25.16;NaN;;-39.29
2019-07-03T21:50:02+02:00;NaN;;-17.4;30.64;13.24
2019-07-03T22:00:01+02:00;-14.27;-25.14;NaN;;-39.41
2019-07-03T22:00:03+02:00;NaN;;-17.64;31.71;14.07
2019-07-03T22:10:01+02:00;-14.27;-25.09;-16.49;30.11;-25.74
2019-07-03T22:20:02+02:00;-14.26;-25.03;-18.3;32.31;-25.28
2019-07-03T22:30:01+02:00;-14.19;-24.91;NaN;;-39.1
2019-07-03T22:30:02+02:00;NaN;;-16.58;30.76;14.18
2019-07-03T22:40:03+02:00;-14.21;-24.96;-17.82;30.96;-26.03
2019-07-03T22:50:01+02:00;-14.21;-24.84;-17.29;31.24;-25.1
2019-07-03T23:00:03+02:00;-14.19;-24.88;-16.72;29.9;-25.89
2019-07-03T23:10:01+02:00;-14.29;-25;NaN;;-39.29
2019-07-03T23:10:02+02:00;NaN;;-17.98;32.19;14.21
2019-07-03T23:20:01+02:00;-14.34;-24.98;-14.49;28.85;-24.96
2019-07-03T23:30:02+02:00;-14.28;-25.04;-12.27;33.82;-17.77
2019-07-03T23:40:01+02:00;-14.3;-25.08;-18.23;33.11;-24.5
2019-07-03T23:50:02+02:00;-14.22;-24.99;-16.54;31.05;-24.7
2019-07-04T00:00:03+02:00;-14.25;-25.01;-17.7;30.43;-26.53
2019-07-04T00:10:03+02:00;-14.33;-25.02;-17.51;30.42;-26.44
2019-07-04T00:20:02+02:00;-14.35;-25.03;-16.59;28.82;-27.15
2019-07-04T00:30:02+02:00;-14.35;-25.09;-18.25;30.47;-27.22
2019-07-04T00:40:02+02:00;-14.31;-25.02;-16.49;29.43;-26.39
2019-07-04T00:50:03+02:00;-14.31;-24.98;-18.04;30.04;-27.29
2019-07-04T01:00:03+02:00;-14.3;-24.94;-17.19;30.02;-26.41
2019-07-04T01:10:01+02:00;-14.3;-24.95;NaN;;-39.25
2019-07-04T01:10:02+02:00;NaN;;-17.17;28.85;11.68
2019-07-04T01:20:01+02:00;-14.29;-24.87;-17.76;30.08;-26.84
2019-07-04T01:30:01+02:00;-13.57;-19.61;-16.38;28.12;-21.44
2019-07-04T01:40:01+02:00;-10.61;-17.89;NaN;;-28.5
2019-07-04T01:40:02+02:00;NaN;;-18.32;30.08;11.76
2019-07-04T01:50:01+02:00;-13.36;-24.45;-16.34;28.43;-25.72
2019-07-04T02:00:02+02:00;NaN;;-18.18;29.06;10.88
2019-07-04T02:00:03+02:00;-14.21;-25.15;NaN;;-39.36
2019-07-04T02:10:01+02:00;-14.24;-25.08;-16.76;28.46;-27.62
2019-07-04T02:20:01+02:00;NaN;;-15.37;25.76;10.39
2019-07-04T02:20:02+02:00;-14.31;-25.08;NaN;;-39.39
2019-07-04T02:30:01+02:00;NaN;;-11.29;31.86;20.57
2019-07-04T02:30:02+02:00;-14.29;-25.07;NaN;;-39.36
2019-07-04T02:40:01+02:00;-14.32;-25.06;-17.42;31.41;-25.39
2019-07-04T02:50:02+02:00;-14.32;-25.22;-16.36;28.65;-27.25
2019-07-04T03:00:03+02:00;-14.41;-25.26;NaN;;-39.67
2019-07-04T03:00:04+02:00;NaN;;-18.13;29.38;11.25
2019-07-04T03:10:01+02:00;-14.36;-25.21;NaN;;-39.57
2019-07-04T03:10:02+02:00;NaN;;-16.67;28.84;12.17
2019-07-04T03:20:01+02:00;-14.33;-25.16;-17.54;28.72;-28.31
2019-07-04T03:30:03+02:00;-14.29;-25.04;-17.43;29.85;-26.91
2019-07-04T03:40:01+02:00;-14.25;-24.99;NaN;;-39.24
2019-07-04T03:40:02+02:00;NaN;;-16.67;28.28;11.61
2019-07-04T03:50:01+02:00;-14.23;-24.84;-18.11;30.23;-26.95
2019-07-04T04:00:03+02:00;-14.23;-24.9;-16.27;28.45;-26.95
2019-07-04T04:10:01+02:00;-14.2;-24.77;-18.39;30.17;-27.19
2019-07-04T04:20:01+02:00;-14.13;-24.77;-16.42;29.44;-25.88
2019-07-04T04:30:03+02:00;-14.19;-24.81;-17.94;30.34;-26.6
2019-07-04T04:40:01+02:00;NaN;;-17.09;30.19;13.1
2019-07-04T04:40:02+02:00;-14.25;-24.95;NaN;;-39.2
2019-07-04T04:50:01+02:00;-14.27;-25.05;-17.22;29.3;-27.24
2019-07-04T05:00:01+02:00;-14.23;-25.02;-17.52;30.52;-26.25
2019-07-04T05:10:01+02:00;-14.24;-24.97;-16.65;28.42;-27.44
2019-07-04T05:20:01+02:00;-14.27;-24.94;NaN;;-39.21
2019-07-04T05:20:02+02:00;NaN;;-13.11;27.94;14.83
2019-07-04T05:30:01+02:00;-14.25;-24.9;-12.21;32.59;-18.77
2019-07-04T05:40:02+02:00;-13.76;-20.3;-18.23;31.33;-20.96
2019-07-04T05:50:02+02:00;-10.7;-17.33;-16.76;30.16;-14.63
2019-07-04T06:00:01+02:00;NaN;;-17.5;30.04;12.54
2019-07-04T06:00:03+02:00;-13.21;-24.3;NaN;;-37.51
2019-07-04T06:10:01+02:00;-14.15;-25.06;-17.56;30.78;-25.99
2019-07-04T06:20:01+02:00;-14.29;-25.15;-16.49;28.82;-27.11
2019-07-04T06:30:03+02:00;-14.28;-25.06;-18.17;30.35;-27.16
2019-07-04T06:40:01+02:00;NaN;;-16.03;28.73;12.7
2019-07-04T06:40:02+02:00;-14.34;-25.22;NaN;;-39.56
2019-07-04T06:50:01+02:00;-14.35;-25.24;-17.71;30.96;-26.34
2019-07-04T07:00:02+02:00;NaN;;-16.72;32.43;15.71
2019-07-04T07:00:03+02:00;-12.99;-25.39;NaN;;-38.38
2019-07-04T07:10:01+02:00;NaN;;-16.85;30.45;13.6
2019-07-04T07:10:02+02:00;-12.93;-24.33;NaN;;-37.26
2019-07-04T07:20:01+02:00;NaN;;-17.3;31.27;13.97
2019-07-04T07:20:02+02:00;-12.23;-24.28;NaN;;-36.51
2019-07-04T07:30:01+02:00;-13.19;-24.41;-16.22;29.63;-24.19
2019-07-04T07:40:01+02:00;NaN;;-16.78;30.92;14.14
2019-07-04T07:40:02+02:00;-13.74;-24.62;NaN;;-38.36
2019-07-04T07:50:01+02:00;-13.84;-24.89;NaN;;-38.73
2019-07-04T07:50:02+02:00;NaN;;-16.81;31.62;14.81
2019-07-04T08:00:01+02:00;-12.91;-24.52;-16.99;29.04;-25.38
2019-07-04T08:10:02+02:00;-13.71;-24.69;-17.34;30.01;-25.73
2019-07-04T08:20:01+02:00;-13.96;-24.81;-13.79;27.82;-24.74
2019-07-04T08:30:01+02:00;-13.96;-24.78;NaN;;-38.74
2019-07-04T08:30:02+02:00;NaN;;-12.06;32.38;20.32
2019-07-04T08:40:01+02:00;-13.98;-24.83;-18.12;31.56;-25.37
2019-07-04T08:50:02+02:00;-13.9;-24.67;-16.79;30.68;-24.68
2019-07-04T09:00:03+02:00;-13.42;-24.66;-17.14;30.26;-24.96
2019-07-04T09:10:01+02:00;-12.93;-24.05;-17.85;31.91;-22.92
2019-07-04T09:20:02+02:00;-13.2;-24.23;-16.36;30.86;-22.93
2019-07-04T09:30:01+02:00;-13.56;-24.38;NaN;;-37.94
2019-07-04T09:30:02+02:00;NaN;;-18.11;31.51;13.4
2019-07-04T09:40:01+02:00;-13.67;-24.55;-17.13;31.8;-23.55
2019-07-04T09:50:01+02:00;-13.2;-20.38;-16.96;30.73;-19.81
2019-07-04T10:00:02+02:00;-10.21;-14.22;NaN;;-24.43
2019-07-04T10:00:03+02:00;NaN;;-18.02;29.82;11.8
2019-07-04T10:10:01+02:00;-11.61;-22.91;NaN;;-34.52
2019-07-04T10:10:02+02:00;NaN;;-16.47;28.31;11.84
2019-07-04T10:20:01+02:00;-13.28;-24.05;-18.3;29.14;-26.49
2019-07-04T10:30:01+02:00;-13.5;-24.21;-16.88;28.54;-26.05
2019-07-04T10:40:02+02:00;-13.49;-24.21;-17.56;28.16;-27.1
2019-07-04T10:50:01+02:00;-13.47;-24.17;NaN;;-37.64
2019-07-04T10:50:02+02:00;NaN;;-17.52;29.1;11.58
2019-07-04T11:00:02+02:00;NaN;;-16.8;27.55;10.75
2019-07-04T11:00:03+02:00;-13.49;-24.14;NaN;;-37.63
2019-07-04T11:10:02+02:00;-13.49;-24.08;-17.92;29.05;-26.44
